selected_model,selected_budget,accuracy,avg_cost,p95_latency,n
mock-cheap,0,1.0,0.0,2.07650011361693e-05,20
mock-cheap,256,1.0,0.0,1.4974999976402616e-05,20
mock-cheap,1024,1.0,0.0,2.119999953720254e-05,20
mock-strong,0,1.0,1.3859999999999998e-05,1.3589997433882673e-05,20
mock-strong,256,1.0,1.3859999999999998e-05,2.0540000696200896e-05,20
mock-strong,1024,1.0,1.3859999999999998e-05,1.5125000572879802e-05,20
