policy,accuracy,avg_cost,total_cost,avg_latency,p95_latency,n
fixed_budget_0,0.9,0.000241811849999965,0.0048362369999993,6.423566695000045,19.651759915003648,20
fixed_budget_256,0.95,0.00034417039999996504,0.006883407999999301,8.724753504999535,16.721364840004416,20
fixed_budget_1024,0.95,0.0005420138499999549,0.010840276999999099,13.555364640001063,23.389840460002624,20
oracle_lowest_cost_correct,1.0,0.00028823409999996003,0.0057646819999992,7.673688729999412,10.32454726999571,20
aggregate_utility_budget_256,0.95,0.00034417039999996504,0.006883407999999301,8.724753504999535,16.721364840004416,20
