policy,accuracy,avg_cost,total_cost,avg_latency,p95_latency,n
fixed_budget_0,0.9833333333333333,0.000266120749999945,0.015967244999996702,6.7027000866663,10.90698877000176,60
fixed_budget_256,0.9833333333333333,0.00035201984999995163,0.021121190999997097,8.492689370000639,20.43641468500063,60
fixed_budget_1024,0.9166666666666666,0.0004950989166666117,0.0297059349999967,12.851576121666586,36.71569504499275,60
oracle_lowest_cost_correct,0.9833333333333333,0.00023923841666661166,0.0143543049999967,5.785252306666128,10.788437129991497,60
aggregate_utility_budget_0,0.9833333333333333,0.000266120749999945,0.015967244999996702,6.7027000866663,10.90698877000176,60
