policy,accuracy,avg_cost,total_cost,avg_latency,p95_latency,n
fixed_budget_0,0.5,0.0006036327499999401,0.012072654999998801,13.983986100001493,32.347883355009266,20
fixed_budget_256,0.55,0.0008758809499999501,0.017517618999999002,28.854443369993533,54.65210695499417,20
fixed_budget_1024,0.25,0.001021963949999965,0.0204392789999993,23.268350244998874,49.151086095000224,20
oracle_lowest_cost_correct,0.6,0.000611410449999935,0.012228208999998701,14.55973590999638,36.24560909497814,20
aggregate_utility_budget_0,0.5,0.0006036327499999401,0.012072654999998801,13.983986100001493,32.347883355009266,20
