policy,accuracy,avg_cost,total_cost,avg_latency,p95_latency,n,utility
learned_policy_raw,0.95,0.00037327219999997493,0.0074654439999994986,8.377342884999962,14.454622625000797,20,0.7805867813000008
fixed_budget_0,0.95,0.00029693019999997496,0.005938603999999499,6.99581106000187,14.333729045005041,20,0.8085991277999627
fixed_budget_256,0.95,0.00031923009999996,0.006384601999999201,6.591688260000955,11.370016229995237,20,0.816570084299981
fixed_budget_1024,0.9,0.000552962899999975,0.0110592579999995,13.15873505000054,28.87872400999695,20,0.6340604844999893
