policy,accuracy,avg_cost,total_cost,avg_latency,p95_latency,n
fixed_budget_0,0.8,0.0017018956499999598,0.0340379129999992,39.06280229500116,58.935251594979846,20
fixed_budget_256,0.7,0.0006491939999999749,0.012983879999999498,15.821661914994184,42.537546644987025,20
fixed_budget_1024,0.35,0.0007786740499999551,0.015573480999999102,17.869873839999492,32.66178127999739,20
oracle_lowest_cost_correct,0.8,0.00048602014999995,0.009720402999999,11.27412677500106,29.651583860012764,20
aggregate_utility_budget_256,0.7,0.0006491939999999749,0.012983879999999498,15.821661914994184,42.537546644987025,20
