policy,accuracy,avg_cost,total_cost,avg_latency,p95_latency,n
fixed_budget_0,0.95,0.00029693019999997496,0.005938603999999499,6.99581106000187,14.333729045005041,20
fixed_budget_256,0.95,0.00031923009999996,0.006384601999999201,6.591688260000955,11.370016229995237,20
fixed_budget_1024,0.9,0.000552962899999975,0.0110592579999995,13.15873505000054,28.87872400999695,20
oracle_lowest_cost_correct,0.95,0.000233488849999965,0.0046697769999993,4.89511887000117,8.39621449000115,20
aggregate_utility_budget_256,0.95,0.00031923009999996,0.006384601999999201,6.591688260000955,11.370016229995237,20
