policy,accuracy,avg_cost,total_cost,avg_latency,p95_latency,n
safe_learned_policy_fallback_budget_0,0.95,0.00029693019999997496,0.005938603999999499,6.99581106000187,14.333729045005041,20
