policy,accuracy,avg_cost,total_cost,avg_latency,p95_latency,n
safe_learned_policy_fallback_budget_256,0.95,0.00034417039999996504,0.006883407999999301,8.724753504999535,16.721364840004416,20
