policy,accuracy,avg_cost,total_cost,avg_latency,p95_latency,n
learned_policy,0.9,0.00028382864999996,0.0056765729999992,7.2425358450003845,19.651759915003648,20
