policy,accuracy,avg_cost,total_cost,avg_latency,p95_latency,n
learned_policy,0.95,0.00037327219999997493,0.0074654439999994986,8.377342884999962,14.454622625000797,20
